                  epoch,         train/box_loss,         train/cls_loss,         train/dfl_loss,   metrics/precision(B),      metrics/recall(B),       metrics/mAP50(B),    metrics/mAP50-95(B),           val/box_loss,           val/cls_loss,           val/dfl_loss,                 lr/pg0,                 lr/pg1,                 lr/pg2
                      0,                0.74606,                 2.2437,                  1.214,                0.00333,                      1,                  0.995,                0.98667,                0.21931,                 2.3457,                0.82531,                 0.0847,                 0.0017,                 0.0017
                      1,                0.40449,                 0.9657,                0.95542,                      1,                0.98586,                  0.995,                0.98206,                 0.2727,                 2.0545,                0.85569,               0.068465,              0.0034654,              0.0034654
                      2,                0.43874,                 0.7207,                0.94286,                      1,                0.99897,                  0.995,                0.98219,                 0.2811,                 1.2184,                0.83333,               0.052195,              0.0051951,              0.0051951
                      3,                 0.4582,                0.64073,                0.95166,                0.94935,                      1,                0.98958,                0.89395,                0.35924,                 1.8654,                0.87451,               0.035889,              0.0068891,              0.0068891
